[
  {
    "ParameterKey" : "VPCID",
    "ParameterValue" : "vpc-0481d10304b1d33bf"
  },
  {
     "ParameterKey" : "PublicSubnet1ID",
     "ParameterValue" : "subnet-0896460c37213c826"
  },
  {
     "ParameterKey" : "PublicSubnet2ID",
     "ParameterValue" : "subnet-0cd769955c6602570"
  },
  {
     "ParameterKey" : "BastionHostName",
     "ParameterValue" : "ecs-hhc-intg-svc-dev-bastion"
  },
  {
     "ParameterKey" : "KeyPairName",
     "ParameterValue" : "hhc-ssh-key"
  },
  {
     "ParameterKey" : "RemoteAccessCIDR",
     "ParameterValue" : "0.0.0.0/0"
  }
]
