[
  {
    "ParameterKey" : "VPCID",
    "ParameterValue" : "vpc-029493edfc1bd0b27"
  },
  {
     "ParameterKey" : "PublicSubnet1ID",
     "ParameterValue" : "subnet-0135c64afee871795"
  },
  {
     "ParameterKey" : "PublicSubnet2ID",
     "ParameterValue" : "subnet-022200d64fae1f666"
  },
  {
     "ParameterKey" : "BastionHostName",
     "ParameterValue" : "ecs-hhc-intg-svc-dev-bastion"
  },
  {
     "ParameterKey" : "KeyPairName",
     "ParameterValue" : "hhc-ssh-key"
  },
  {
     "ParameterKey" : "RemoteAccessCIDR",
     "ParameterValue" : "0.0.0.0/0"
  }
]
