[
  {
    "ParameterKey" : "VPCID",
    "ParameterValue" : "vpc-0a950ae29b4f92fe7"

  },
  {
     "ParameterKey" : "EMSPort",
     "ParameterValue" : "7222"
  },
  {
     "ParameterKey" : "PrivateSubnetOne",
     "ParameterValue" : "subnet-08f77abcf91979cab"
  },
  {
     "ParameterKey" : "EMSHostName",
     "ParameterValue" : "ems-server-hhc-intg-svc-dev"
  },
  {
     "ParameterKey" : "KeyPairName",
     "ParameterValue" : "HHC-Dev"
  },
  {
     "ParameterKey" : "RemoteAccessCIDR",
     "ParameterValue" : "0.0.0.0/0"
  },
  {
     "ParameterKey" : "EMSImageId",
     "ParameterValue" : "ami-0d5d9d301c853a04a"
  }
]
