[
  {
    "ParameterKey" : "EKSClusterName",
    "ParameterValue" : "eks_hhc_tibco_svc_prod"
  },
  {
    "ParameterKey" : "EKSServiceRoleARN",
    "ParameterValue" : "arn:aws:iam::998808488458:role/TibcoContainerEKS"
  },
  {
    "ParameterKey": "VPCID",
    "ParameterValue" : "vpc-0e8808ee1f4c5327a"
  },
  {
    "ParameterKey": "PublicSubnet1ID",
    "ParameterValue" : "subnet-0a316dfbb93380be3"
  },
  {
    "ParameterKey": "PublicSubnet2ID",
    "ParameterValue" : "subnet-0e3c2e898241077ad"
  },
  {
    "ParameterKey": "PrivateSubnet1ID",
    "ParameterValue" : "subnet-09b0f424cf8488154"
  },
  {
    "ParameterKey": "PrivateSubnet2ID",
    "ParameterValue" : "subnet-0f5e159d899090ed3"
  },
  {
    "ParameterKey": "KubernetesVersion",
    "ParameterValue" : "1.14"
  }
]
