[
  {
    "ParameterKey" : "EKSClusterName",
    "ParameterValue" : "eks_hhc_tibco_svc_dev"
  },
  {
    "ParameterKey" : "EKSNodeGroupRoleARN",
    "ParameterValue" : "arn:aws:iam::998808488458:role/eks-node-group-instance-role-NodeInstanceRole-MIW9ZK44FGBN"
  },
  {
    "ParameterKey" : "SSHKey",
    "ParameterValue" : "HHC-TIBCO-Prod"
  },
  {
    "ParameterKey" : "InstanceTypes",
    "ParameterValue" : "t3.xlarge"
  },
  {
    "ParameterKey" : "NodegroupName",
    "ParameterValue" : "eks-prod-tibco-worker-nodes-large"
  },
  {
    "ParameterKey": "PrivateSubnet1ID",
    "ParameterValue" : "subnet-09b0f424cf8488154"
  },
  {
    "ParameterKey": "PrivateSubnet2ID",
    "ParameterValue" : "subnet-0f5e159d899090ed3"
  },
  {
    "ParameterKey": "EKSSecurityGroup1",
    "ParameterValue" : "sg-0bba9cbbecdfd1222"
  }
]
