[
  {
    "ParameterKey" : "VPCID",
    "ParameterValue" : "vpc-0e8808ee1f4c5327a"

  },
  {
     "ParameterKey" : "EMSPort",
     "ParameterValue" : "7222"
  },
  {
     "ParameterKey" : "PrivateSubnetOne",
     "ParameterValue" : "subnet-09b0f424cf8488154"
  },
  {
     "ParameterKey" : "EMSHostName",
     "ParameterValue" : "PTIBEMS01"
  },
  {
     "ParameterKey" : "KeyPairName",
     "ParameterValue" : "HHC-TIBCO-Prod"
  },
  {
     "ParameterKey" : "RemoteAccessCIDR",
     "ParameterValue" : "0.0.0.0/0"
  },
  {
     "ParameterKey" : "EMSImageId",
     "ParameterValue" : "ami-0afeb5e45fc134674"
  }
]
