[
  {
    "ParameterKey" : "StackName",
    "ParameterValue" : "hhc-dev-stack"
  },
  {
    "ParameterKey" : "ECSLogGroup",
    "ParameterValue" : "/ecs/dev/esb"
  },
  {
    "ParameterKey" : "ContainerPort",
    "ParameterValue" : "8080"
  },
  {
    "ParameterKey" : "ServiceName",
    "ParameterValue" : "esb-concurjdeexppaid-timer"
  },
  {
    "ParameterKey" : "Path",
    "ParameterValue" : "/concur/v1.0/notifypaid"
  },
  {
    "ParameterKey" : "ImageUrl",
    "ParameterValue" : "998808488458.dkr.ecr.us-east-2.amazonaws.com/v01/esb_concurjdeexppaid_timer:latest"
  },
  {     
    "ParameterKey" : "PrivateNameSpaceId",
    "ParameterValue" : "ns-ftkog5a3gfsycxdc"
  },
  {
    "ParameterKey" : "BWPROFILE",
    "ParameterValue" : "Container"
  },
  {
    "ParameterKey" : "JMSURL",
    "ParameterValue" : "tcp://192.168.21.234:7222"
  },
  {
    "ParameterKey" : "CONCURTOKENHOST",
    "ParameterValue" : "us-impl.api.concursolutions.com"
  },
  {
    "ParameterKey" : "CONCURHOST",
    "ParameterValue" : "implementation.concursolutions.com"
  },
  {
    "ParameterKey" : "CONCURCLIENTID",
    "ParameterValue" : "420fd4f3-ac58-47a8-95f8-9162671be2c4"
  },
  {
    "ParameterKey" : "CONCURCLIENTSECRET",
    "ParameterValue" : "8305e06f-4f5d-4675-8efd-2532bbdb694c"
  },
  {
    "ParameterKey" : "CONCURUSERNAME",
    "ParameterValue" : "wsadminIMPL@howardhughes.com"
  },
  {
    "ParameterKey" : "CONCURPASSWORD",
    "ParameterValue" : "Welcome@18"
  }
]
