[
  {
    "ParameterKey" : "StackName",
    "ParameterValue" : "hhc-dev-stack"
  },
  {
    "ParameterKey" : "ContainerPort",
    "ParameterValue" : "7222"
  },
  {
    "ParameterKey" : "ServiceName",
    "ParameterValue" : "ems-server"
  },
  {
    "ParameterKey" : "Path",
    "ParameterValue" : "/emsserver"
  },
  {
    "ParameterKey" : "ImageUrl",
    "ParameterValue" : "998808488458.dkr.ecr.us-east-2.amazonaws.com/tibcoems/8.5.1:latest"
  },
  {     
    "ParameterKey" : "PrivateNameSpaceId",
    "ParameterValue" : "ns-ftkog5a3gfsycxdc"
  }
]
