[
  {
    "ParameterKey" : "StackName",
    "ParameterValue" : "hhc-dev-stack"
  },
  {
    "ParameterKey" : "ECSLogGroup",
    "ParameterValue" : "ecs-logs"
  },
  {
    "ParameterKey" : "ContainerPort",
    "ParameterValue" : "8080"
  },
  {
    "ParameterKey" : "ServiceName",
    "ParameterValue" : "esb-hello"
  },
  {
    "ParameterKey" : "Path",
    "ParameterValue" : "/v1/hello"
  },
  {
    "ParameterKey" : "ImageUrl",
    "ParameterValue" : "998808488458.dkr.ecr.us-east-2.amazonaws.com/v1/hello:latest"
  },
  {     
    "ParameterKey" : "PrivateNameSpaceId",
    "ParameterValue" : "ns-ftkog5a3gfsycxdc"
  },
  {     
    "ParameterKey" : "TCPSELFURL",
    "ParameterValue" : "esb-hello:2561"
  },
  {     
    "ParameterKey" : "AMIAGENTURL",
    "ParameterValue" : "esb-hello:2571"
  }
]
