[
  {
    "ParameterKey" : "StackName",
    "ParameterValue" : "hhc-dev-stack"
  },
  {
    "ParameterKey" : "ServiceName",
    "ParameterValue" : "hkce-clustermanager"
  },
  {
    "ParameterKey" : "ContainerPort",
    "ParameterValue" : "2561"
  },
  {
    "ParameterKey" : "ImageUrl",
    "ParameterValue" : "998808488458.dkr.ecr.us-east-2.amazonaws.com/hkce_clustermanager:2.0"
  },
  {     
    "ParameterKey" : "PrivateNameSpaceId",
    "ParameterValue" : "ns-ftkog5a3gfsycxdc"
  },
  {
    "ParameterKey" : "TCPDAEMONURL",
    "ParameterValue" : "hhc-d-Priva-14NCSF6XNBCD0-65dcc9ae373e98df.elb.us-east-2.amazonaws.com:2561"
  },
  {
    "ParameterKey" : "TCPSELFURL",
    "ParameterValue" : "hkce-clustermanager:2561"
  }
]
