[
  {
    "ParameterKey" : "VPCID",
    "ParameterValue" : "vpc-0281c4435ad97b5b9"

  },
  {
     "ParameterKey" : "EMSPort",
     "ParameterValue" : "7222"
  },
  {
     "ParameterKey" : "PrivateSubnetOne",
     "ParameterValue" : "subnet-08552c9a865eae009"
  },
  {
     "ParameterKey" : "EMSHostName",
     "ParameterValue" : "ems-eks-hhc-intg-svc-dev"
  },
  {
     "ParameterKey" : "KeyPairName",
     "ParameterValue" : "HHC-Dev"
  },
  {
     "ParameterKey" : "RemoteAccessCIDR",
     "ParameterValue" : "0.0.0.0/0"
  },
  {
     "ParameterKey" : "EMSImageId",
     "ParameterValue" : "ami-0321bcd9e4eb693ac"
  }
]
