[
  {
    "ParameterKey" : "ESBServiceTGName",
    "ParameterValue" : "esb-criticaldates-tg"
  },
  {
    "ParameterKey" : "VPCID",
    "ParameterValue" : "vpc-0281c4435ad97b5b9"
  },
  {
    "ParameterKey" : "ESBListenerArn",
    "ParameterValue" : "arn:aws:elasticloadbalancing:us-east-2:998808488458:listener/app/tibco-eks-dev/f414acbd63458153/f32f1971412322db"
  },
  {
    "ParameterKey" : "TargetHost1",
    "ParameterValue" : "192.168.18.3"
  },
  {
    "ParameterKey" : "TargetHost2",
    "ParameterValue" : "192.168.10.176"
  },
  {
    "ParameterKey" : "ESBServicePort",
    "ParameterValue" : "30102"
  },
  {
    "ParameterKey" : "ESBServicePath",
    "ParameterValue" : "/corp/cd/criticaldates"
  },
  {
    "ParameterKey" : "ESBServiceReturnCode",
    "ParameterValue" : "401"
  }
]
