[
  {
    "ParameterKey" : "KeyPairName",
    "ParameterValue" : "HHC-Dev"
  },
  {
    "ParameterKey" : "RemoteAccessCIDR",
    "ParameterValue" : "192.168.0.0/16"
  },
  {
    "ParameterKey" : "AdditionalEKSAdminArns",
    "ParameterValue" : "arn:aws:iam::998808488458:user/satish.pagare@hhc-contractor.com"
  },
  {
    "ParameterKey": "NodeInstanceType",
    "ParameterValue" : "t3.large"
  },
  {
    "ParameterKey": "NumberOfNodes",
    "ParameterValue" : "4"
  },
  {
    "ParameterKey": "NodeGroupName",
    "ParameterValue" : "eks-workers-node-group"
  },
  {
    "ParameterKey": "PublicSubnet1ID",
    "ParameterValue" : "subnet-0163eb0e318e98bd7"
  },
  {
    "ParameterKey": "PublicSubnet2ID",
    "ParameterValue" : "subnet-0e0ac904b30440514"
  },
  {
    "ParameterKey": "PublicSubnet3ID",
    "ParameterValue" : ""
  },
  {
    "ParameterKey": "PrivateSubnet1ID",
    "ParameterValue" : "subnet-00e6fca95650fc31d"
  },
  {
    "ParameterKey": "PrivateSubnet2ID",
    "ParameterValue" : "subnet-08552c9a865eae009"
  },
  {
    "ParameterKey": "PrivateSubnet3ID",
    "ParameterValue" : ""
  },
  {
    "ParameterKey": "VPCID",
    "ParameterValue" : "vpc-0281c4435ad97b5b9"
  },
  {
    "ParameterKey": "ClusterAutoScaler",
    "ParameterValue" : "Disabled"
  },
  {
    "ParameterKey": "KubernetesVersion",
    "ParameterValue" : "1.14"
  }
]
