{
   "kind":"ReplicationController",
   "apiVersion":"v1",
   "metadata":{
      "name":"concurjdeexppaid-timer",
      "labels":{
         "app":"concurjdeexppaid-timer"
      }
   },
   "spec":{
      "replicas":3,
      "selector":{
         "app":"concurjdeexppaid-timer"
      },
      "template":{
         "metadata":{
            "labels":{
               "app":"concurjdeexppaid-timer"
            }
         },
         "spec":{
            "containers":[
               {
                  "name":"concurjdeexppaid-timer",
                  "image":"998808488458.dkr.ecr.us-east-2.amazonaws.com/v01/esb_concurjdeexppaid_timer:latest",
                  "ports":[
                     {
                        "name":"serverport",
                        "containerPort":8080
                     }
                  ]
               }
            ]
         }
      }
   }
}
