{
   "kind":"ReplicationController",
   "apiVersion":"v1",
   "metadata":{
      "name":"hello",
      "labels":{
         "app":"hello"
      }
   },
   "spec":{
      "replicas":3,
      "selector":{
         "app":"hello"
      },
      "template":{
         "metadata":{
            "labels":{
               "app":"hello"
            }
         },
         "spec":{
            "containers":[
               {
                  "name":"hello",
                  "image":"998808488458.dkr.ecr.us-east-2.amazonaws.com/v1/hello",
                  "ports":[
                     {
                        "name":"hello-server",
                        "containerPort":8080
                     }
                  ]
               }
            ]
         }
      }
   }
}
