[
  {
    "ParameterKey" : "EKSClusterName",
    "ParameterValue" : "hhc_intg_svc_dev"
  },
  {
    "ParameterKey" : "EKSNodeGroupRoleARN",
    "ParameterValue" : "arn:aws:iam::998808488458:role/eks-node-group-instance-role-NodeInstanceRole-Q6RMCCBQ700"
  },
  {
    "ParameterKey" : "SSHKey",
    "ParameterValue" : "HHC-Dev"
  },
  {
    "ParameterKey" : "InstanceTypes",
    "ParameterValue" : "t3.large"
  },
  {
    "ParameterKey" : "NodegroupName",
    "ParameterValue" : "eks-worker-nodes"
  },
  {
    "ParameterKey": "PrivateSubnet1ID",
    "ParameterValue" : "subnet-08f77abcf91979cab"
  },
  {
    "ParameterKey": "PrivateSubnet2ID",
    "ParameterValue" : "subnet-0b8fad014944ee86f"
  },
  {
    "ParameterKey": "EKSSecurityGroup1",
    "ParameterValue" : "sg-0470e42eb944b8449"
  }
]
