[
  {
    "ParameterKey" : "StackName",
    "ParameterValue" : "hhc-ecs-sandbox-stack"
  },
  {
    "ParameterKey" : "ECSLogGroup",
    "ParameterValue" : "/ecs/sandbox/esb"
  },
  {
    "ParameterKey" : "ContainerPort",
    "ParameterValue" : "9034"
  },
  {
    "ParameterKey" : "ServiceName",
    "ParameterValue" : "esb-concurjdeexppaid-timer"
  },
  {
    "ParameterKey" : "Path",
    "ParameterValue" : "/v01/server1"
  },
  {
    "ParameterKey" : "ImageUrl",
    "ParameterValue" : "443415789431.dkr.ecr.us-east-2.amazonaws.com/v01/esb-concurjdeexppaid_timer:latest"
  },
  {     
    "ParameterKey" : "PrivateNameSpaceId",
    "ParameterValue" : "ns-hi3mydhrfsmvxo4s"
  }
]
