[
  {
    "ParameterKey" : "StackName",
    "ParameterValue" : "hhc-ecs-sandbox-stack"
  },
  {
    "ParameterKey" : "ContainerPort",
    "ParameterValue" : "7222"
  },
  {
    "ParameterKey" : "ServiceName",
    "ParameterValue" : "ems-lb-server"
  },
  {
    "ParameterKey" : "Path",
    "ParameterValue" : "/emsserver"
  },
  {
    "ParameterKey" : "ImageUrl",
    "ParameterValue" : "443415789431.dkr.ecr.us-east-2.amazonaws.com/tibcoems/8.5.1:latest"
  },
  {     
    "ParameterKey" : "PrivateNameSpaceId",
    "ParameterValue" : "ns-hi3mydhrfsmvxo4s"
  }
]
