[
  {
    "ParameterKey" : "StackName",
    "ParameterValue" : "hhc-ecs-sandbox-stack"
  },
  {
    "ParameterKey" : "ECSLogGroup",
    "ParameterValue" : "ecs-logs"
  },
  {
    "ParameterKey" : "ContainerPort",
    "ParameterValue" : "8080"
  },
  {
    "ParameterKey" : "ServiceName",
    "ParameterValue" : "esb-hello"
  },
  {
    "ParameterKey" : "Path",
    "ParameterValue" : "/v1/hello"
  },
  {
    "ParameterKey" : "ImageUrl",
    "ParameterValue" : "443415789431.dkr.ecr.us-east-2.amazonaws.com/v01/hello:latest"
  },
  {     
    "ParameterKey" : "PrivateNameSpaceId",
    "ParameterValue" : "ns-hi3mydhrfsmvxo4s"
  }
]
