[
  {
    "ParameterKey" : "StackName",
    "ParameterValue" : "hhc-ecs-sandbox-stack"
  },
  {
    "ParameterKey" : "ECSLogGroup",
    "ParameterValue" : "ecs-logs"
  },
  {
    "ParameterKey" : "ContainerPort",
    "ParameterValue" : "8080"
  },
  {
    "ParameterKey" : "ServiceName",
    "ParameterValue" : "esb-server2"
  },
  {
    "ParameterKey" : "Path",
    "ParameterValue" : "/v01/server2"
  },
  {
    "ParameterKey" : "ImageUrl",
    "ParameterValue" : "443415789431.dkr.ecr.us-east-2.amazonaws.com/v01/server2:latest"
  },
  {     
    "ParameterKey" : "PrivateNameSpaceId",
    "ParameterValue" : "ns-jishkuefrnp2k2ld"
  }
]
