[
  {
    "ParameterKey" : "EKSClusterName",
    "ParameterValue" : "hhc_intg_svc_dev"
  },
  {
    "ParameterKey" : "EKSServiceRoleARN",
    "ParameterValue" : "arn:aws:iam::998808488458:role/TibcoContainerEKS"
  },
  {
    "ParameterKey": "VPCID",
    "ParameterValue" : "vpc-0a950ae29b4f92fe7"
  },
  {
    "ParameterKey": "PublicSubnet1ID",
    "ParameterValue" : "subnet-0945b0dab609feb21"
  },
  {
    "ParameterKey": "PublicSubnet2ID",
    "ParameterValue" : "subnet-0954029462351eccf"
  },
  {
    "ParameterKey": "PrivateSubnet1ID",
    "ParameterValue" : "subnet-08f77abcf91979cab"
  },
  {
    "ParameterKey": "PrivateSubnet2ID",
    "ParameterValue" : "subnet-0b8fad014944ee86f"
  },
  {
    "ParameterKey": "KubernetesVersion",
    "ParameterValue" : "1.14"
  }
]
